<?xml version="1.0" encoding="UTF-8"?>
<assessmentItem xmlns="http://www.imsglobal.org/xsd/imsqti_v2p2" xmlns:m="http://www.w3.org/1998/Math/MathML" xmlns:xsi="http://www.w3.org/2001/XMLSchema-instance" xsi:schemaLocation="http://www.imsglobal.org/xsd/imsqti_v2p2 http://www.imsglobal.org/xsd/qti/qtiv2p2/imsqti_v2p2.xsd" identifier="i62d169ca5fd59136440ae913b8d8bb8" title="Sample 4" label="Sample 4" xml:lang="en-US" adaptive="false" timeDependent="false" toolName="TAO" toolVersion="2022.07">
  <responseDeclaration identifier="RESPONSE" cardinality="single" baseType="string"/>
  <outcomeDeclaration identifier="SCORE" cardinality="single" baseType="float" normalMaximum="0"/>
  <outcomeDeclaration identifier="MAXSCORE" cardinality="single" baseType="float">
    <defaultValue>
      <value>0</value>
    </defaultValue>
  </outcomeDeclaration>
  <itemBody>
    <div class="grid-row">
      <div class="col-6">
        <p>Considera nel piano cartesiano i punti P(-2;1), R(0;-1) e Q(0;1).</p>
        <p>
          <img src="assets/e881031c62d16a4998046.png" alt="Screenshot 2022-07-15 at 15.22.48.png" width="94%" type="image/png" class=""/>
        </p>
      </div>
      <div class="col-6">
        <customInteraction responseIdentifier="RESPONSE">
          <portableCustomInteraction xmlns="http://www.imsglobal.org/xsd/portableCustomInteraction_v1" customInteractionTypeIdentifier="mathEntryInteraction" data-version="2.0.0">
            <properties>
              <property key="authorizeWhiteSpace"></property>
              <property key="useGapExpression">true</property>
              <property key="inResponseState"></property>
              <property key="gapExpression">r=\taoGap</property>
              <property key="gapStyle">math-gap-small</property>
              <property key="focusOnDenominator"></property>
              <property key="tool_frac">true</property>
              <property key="tool_sqrt">true</property>
              <property key="tool_exp">true</property>
              <property key="tool_log">true</property>
              <property key="tool_ln">true</property>
              <property key="tool_e">true</property>
              <property key="tool_infinity">true</property>
              <property key="tool_lbrack">true</property>
              <property key="tool_rbrack">true</property>
              <property key="tool_pi">true</property>
              <property key="tool_cos">true</property>
              <property key="tool_sin">true</property>
              <property key="tool_lte">true</property>
              <property key="tool_gte">true</property>
              <property key="tool_times">true</property>
              <property key="tool_divide">true</property>
              <property key="tool_plusminus">true</property>
              <property key="tool_angle">true</property>
              <property key="tool_minus">true</property>
              <property key="tool_plus">true</property>
              <property key="tool_equal">true</property>
              <property key="tool_lower">true</property>
              <property key="tool_greater">true</property>
              <property key="tool_subscript">true</property>
              <property key="tool_lbrace">true</property>
              <property key="tool_rbrace">true</property>
              <property key="tool_lparen">true</property>
              <property key="tool_rparen">true</property>
              <property key="tool_integral">true</property>
              <property key="tool_timesdot">true</property>
              <property key="tool_triangle">true</property>
              <property key="tool_similar">true</property>
              <property key="tool_paral">true</property>
              <property key="tool_perp">true</property>
              <property key="tool_inmem">true</property>
              <property key="tool_ninmem">true</property>
              <property key="tool_union">true</property>
              <property key="tool_intersec">true</property>
              <property key="allowNewLine"></property>
              <property key="enableAutoWrap"></property>
            </properties>
            <modules>
                    <module id="mathEntryInteraction/runtime/mathEntryInteraction.min" primaryPath="../runtime/mathEntryInteraction.min.js"/></modules>
            <markup xmlns="http://www.w3.org/1999/xhtml">
              <div class="mathEntryInteraction">
                <div class="prompt">
                  <p>Determina la misura del raggio r della circonferenza che passa per i tre punti.</p>
                  <p>Digita il risultato.</p>
                </div>
                <div class="math-entry">
                  <div class="toolbar"/>
                  <div>
                    <span class="math-entry-input"/>
                  </div>
                </div>
              </div>
            </markup>
          </portableCustomInteraction>
        </customInteraction>
      </div>
    </div>
  </itemBody>
  <responseProcessing template="http://www.imsglobal.org/question/qti_v2p2/rptemplates/match_correct"/>
</assessmentItem>
