<?xml version="1.0" encoding="UTF-8"?>
<assessmentItem xmlns="http://www.imsglobal.org/xsd/imsqti_v2p2" xmlns:m="http://www.w3.org/1998/Math/MathML" xmlns:xsi="http://www.w3.org/2001/XMLSchema-instance" xsi:schemaLocation="http://www.imsglobal.org/xsd/imsqti_v2p2 http://www.imsglobal.org/xsd/qti/qtiv2p2/imsqti_v2p2.xsd" identifier="i62d1603f47a2e136512f6bc67208ed6" title="Sample 2" label="Sample 2" xml:lang="en-US" adaptive="false" timeDependent="false" toolName="TAO" toolVersion="2022.07">
  <responseDeclaration identifier="RESPONSE" cardinality="multiple" baseType="directedPair">
    <correctResponse>
      <value><![CDATA[choice_6 gap_1]]></value>
      <value><![CDATA[choice_5 gap_2]]></value>
      <value><![CDATA[choice_4 gap_3]]></value>
      <value><![CDATA[choice_3 gap_4]]></value>
      <value><![CDATA[choice_1 gap_5]]></value>
    </correctResponse>
  </responseDeclaration>
  <outcomeDeclaration identifier="SCORE" cardinality="single" baseType="float" normalMaximum="1"/>
  <outcomeDeclaration identifier="MAXSCORE" cardinality="single" baseType="float">
    <defaultValue>
      <value>1</value>
    </defaultValue>
  </outcomeDeclaration>
  <itemBody>
    <div class="grid-row">
      <div class="col-6">
        <p>
          <img src="assets/08a1af1462d16193a083f.png" alt="Screenshot 2022-07-15 at 14.45.59.png" width="100%" type="image/png" class=""/>
        </p>
      </div>
      <div class="col-6">
        <gapMatchInteraction responseIdentifier="RESPONSE" shuffle="false">
          <prompt>
            <p>Read the texts about fast things.<br/>
Match the headlines (AH) with the texts (1-5).<br/>
There are two headlines that you do not need.<br/>
The first one (0) is an example.</p>
          </prompt>
          <gapText identifier="choice_2" fixed="false" matchMax="1" matchMin="0">A. The fastest swimmer</gapText>
          <gapText identifier="choice_3" fixed="false" matchMax="1" matchMin="0">B. An enormous appetite</gapText>
          <gapText identifier="choice_1" fixed="false" matchMax="1" matchMin="0">C. A colorful plant</gapText>
          <gapText identifier="choice_4" fixed="false" matchMax="1" matchMin="0"> D. An acrobatic animal</gapText>
          <gapText identifier="choice_5" fixed="false" matchMax="1" matchMin="0">E. A hard-working small animal</gapText>
          <gapText identifier="choice_6" fixed="false" matchMax="1" matchMin="0">F. High speed wings</gapText>
          <gapText identifier="choice_7" fixed="false" matchMax="1" matchMin="0">G. The highest plant</gapText>
          <p>Q1  <gap identifier="gap_1" fixed="false" required="false"/></p>
          <p>Q2 <gap identifier="gap_2" fixed="false" required="false"/></p>
          <p>Q3 <gap identifier="gap_3" fixed="false" required="false"/></p>
          <p>Q4<gap identifier="gap_4" fixed="false" required="false"/></p>
          <p>Q5 <gap identifier="gap_5" fixed="false" required="false"/></p>
        </gapMatchInteraction>
      </div>
    </div>
  </itemBody>
  <responseProcessing template="http://www.imsglobal.org/question/qti_v2p2/rptemplates/match_correct"/>
</assessmentItem>
