<?xml version="1.0"?>
<manifest xmlns="http://www.imsglobal.org/xsd/imscp_v1p1" xmlns:xsi="http://www.w3.org/2001/XMLSchema-instance" xsi:schemaLocation="http://www.imsglobal.org/xsd/imscp_v1p1 http://www.imsglobal.org/xsd/qti/qtiv2p2/qtiv2p2_imscpv1p2_v1p0.xsd http://ltsc.ieee.org/xsd/LOM http://www.imsglobal.org/xsd/imsmd_loose_v1p3p2.xsd http://ltsc.ieee.org/xsd/LOM http://www.imsglobal.org/xsd/imsmd_loose_v1p3p2.xsd http://ltsc.ieee.org/xsd/LOM http://www.imsglobal.org/xsd/imsmd_loose_v1p3p2.xsd http://ltsc.ieee.org/xsd/LOM http://www.imsglobal.org/xsd/imsmd_loose_v1p3p2.xsd http://ltsc.ieee.org/xsd/LOM http://www.imsglobal.org/xsd/imsmd_loose_v1p3p2.xsd" identifier="MANIFEST-tao62daae649b8838-26053596" xmlns:imsmd="http://ltsc.ieee.org/xsd/LOM">
    <metadata>
        <schema>QTIv2.2 Package</schema>
        <schemaversion>1.0.0</schemaversion>
    </metadata>
    <organizations/>
    <resources>
                <resource identifier="i62d15a7fa4c881688cd59552c19e8c86a" type="imsqti_item_xmlv2p2" href="i62d15a7fa4c881688cd59552c19e8c86a/qti.xml">
            <metadata><imsmd:lom><imsmd:classification><imsmd:taxonPath><imsmd:source><imsmd:string xml:lang="en-US">http://www.tao.lu/Ontologies/TAO.rdf#WorkflowState</imsmd:string></imsmd:source><imsmd:taxon><imsmd:entry><imsmd:string xml:lang="en-US">https://invalsi-rfp2022.eu.premium.lab.taocloud.org/#i62d121a3aee2f2862867779f33d87c277</imsmd:string></imsmd:entry></imsmd:taxon></imsmd:taxonPath><imsmd:taxonPath><imsmd:source><imsmd:string xml:lang="en-US">http://www.w3.org/2000/01/rdf-schema#label</imsmd:string></imsmd:source><imsmd:taxon><imsmd:entry><imsmd:string xml:lang="en-US">Sample 1</imsmd:string></imsmd:entry></imsmd:taxon></imsmd:taxonPath></imsmd:classification></imsmd:lom></metadata><file href="i62d15a7fa4c881688cd59552c19e8c86a/qti.xml"/>
                        <file href="runtime/textReaderInteraction.min.js"/>
                    </resource>
            <resource identifier="i62d1603f47a2e136512f6bc67208ed6ad" type="imsqti_item_xmlv2p2" href="i62d1603f47a2e136512f6bc67208ed6ad/qti.xml">
            <metadata><imsmd:lom><imsmd:classification><imsmd:taxonPath><imsmd:source><imsmd:string xml:lang="en-US">http://www.tao.lu/Ontologies/TAO.rdf#WorkflowState</imsmd:string></imsmd:source><imsmd:taxon><imsmd:entry><imsmd:string xml:lang="en-US">https://invalsi-rfp2022.eu.premium.lab.taocloud.org/#i62d121a3aee2f2862867779f33d87c277</imsmd:string></imsmd:entry></imsmd:taxon></imsmd:taxonPath><imsmd:taxonPath><imsmd:source><imsmd:string xml:lang="en-US">http://www.w3.org/2000/01/rdf-schema#label</imsmd:string></imsmd:source><imsmd:taxon><imsmd:entry><imsmd:string xml:lang="en-US">Sample 2</imsmd:string></imsmd:entry></imsmd:taxon></imsmd:taxonPath></imsmd:classification></imsmd:lom></metadata><file href="i62d1603f47a2e136512f6bc67208ed6ad/qti.xml"/>
                        <file href="i62d1603f47a2e136512f6bc67208ed6ad/assets/08a1af1462d16193a083f.png"/>
                    </resource><resource identifier="i62d1678cada491658b10c2db2b91a507c" type="imsqti_item_xmlv2p2" href="i62d1678cada491658b10c2db2b91a507c/qti.xml">
            <metadata><imsmd:lom><imsmd:classification><imsmd:taxonPath><imsmd:source><imsmd:string xml:lang="en-US">http://www.tao.lu/Ontologies/TAO.rdf#WorkflowState</imsmd:string></imsmd:source><imsmd:taxon><imsmd:entry><imsmd:string xml:lang="en-US">https://invalsi-rfp2022.eu.premium.lab.taocloud.org/#i62d121a3aee2f2862867779f33d87c277</imsmd:string></imsmd:entry></imsmd:taxon></imsmd:taxonPath><imsmd:taxonPath><imsmd:source><imsmd:string xml:lang="en-US">http://www.w3.org/2000/01/rdf-schema#label</imsmd:string></imsmd:source><imsmd:taxon><imsmd:entry><imsmd:string xml:lang="en-US">Sample 3</imsmd:string></imsmd:entry></imsmd:taxon></imsmd:taxonPath></imsmd:classification></imsmd:lom></metadata><file href="i62d1678cada491658b10c2db2b91a507c/qti.xml"/>
                    </resource><resource identifier="i62d169ca5fd59136440ae913b8d8bb82a" type="imsqti_item_xmlv2p2" href="i62d169ca5fd59136440ae913b8d8bb82a/qti.xml">
            <metadata><imsmd:lom><imsmd:classification><imsmd:taxonPath><imsmd:source><imsmd:string xml:lang="en-US">http://www.tao.lu/Ontologies/TAO.rdf#WorkflowState</imsmd:string></imsmd:source><imsmd:taxon><imsmd:entry><imsmd:string xml:lang="en-US">https://invalsi-rfp2022.eu.premium.lab.taocloud.org/#i62d121a3aee2f2862867779f33d87c277</imsmd:string></imsmd:entry></imsmd:taxon></imsmd:taxonPath><imsmd:taxonPath><imsmd:source><imsmd:string xml:lang="en-US">http://www.w3.org/2000/01/rdf-schema#label</imsmd:string></imsmd:source><imsmd:taxon><imsmd:entry><imsmd:string xml:lang="en-US">Sample 4</imsmd:string></imsmd:entry></imsmd:taxon></imsmd:taxonPath></imsmd:classification></imsmd:lom></metadata><file href="i62d169ca5fd59136440ae913b8d8bb82a/qti.xml"/>
                        <file href="runtime/mathEntryInteraction.min.js"/>
                        <file href="i62d169ca5fd59136440ae913b8d8bb82a/assets/e881031c62d16a4998046.png"/>
                    </resource><resource identifier="i62d16ae1f0b9f16579036c9730bd67eeb" type="imsqti_item_xmlv2p2" href="i62d16ae1f0b9f16579036c9730bd67eeb/qti.xml">
            <metadata><imsmd:lom><imsmd:classification><imsmd:taxonPath><imsmd:source><imsmd:string xml:lang="en-US">http://www.tao.lu/Ontologies/TAO.rdf#WorkflowState</imsmd:string></imsmd:source><imsmd:taxon><imsmd:entry><imsmd:string xml:lang="en-US">https://invalsi-rfp2022.eu.premium.lab.taocloud.org/#i62d121a3aee2f2862867779f33d87c277</imsmd:string></imsmd:entry></imsmd:taxon></imsmd:taxonPath><imsmd:taxonPath><imsmd:source><imsmd:string xml:lang="en-US">http://www.w3.org/2000/01/rdf-schema#label</imsmd:string></imsmd:source><imsmd:taxon><imsmd:entry><imsmd:string xml:lang="en-US">Sample 5</imsmd:string></imsmd:entry></imsmd:taxon></imsmd:taxonPath></imsmd:classification></imsmd:lom></metadata><file href="i62d16ae1f0b9f16579036c9730bd67eeb/qti.xml"/>
                        <file href="i62d16ae1f0b9f16579036c9730bd67eeb/assets/9858de3862d7dc60e2910.mp3"/>
                    </resource></resources>
</manifest>
